D,e,s,c,r,i,p,t,i,o,n
P,r,i,c,e
R,a,t,i,n,g
Insignia NS-32DF310NA19 32-inch Smart HD TV - Fire TV Edition,$119.99$119.99,4.7 out of 5 stars
Fire TV Stick Lite with Alexa Voice Remote Lite (no TV controls) | HD streaming device | 2020 release, ,4.7 out of 5 stars
"TCL 50-inch Class 4-Series 4K UHD Smart Roku LED TV - 50S435, 2021 Model", ,4.6 out of 5 stars
"TCL 32-inch 3-Series 720p Roku Smart TV - 32S335, 2021 Model",$148.00$148.00,4.6 out of 5 stars
"VIZIO 40-Inch V-Series 4K UHD LED HDR Smart TV with Apple AirPlay and Chromecast Built-in, Dolby Vision, HDR10+, HDMI 2.1, Auto Game Mode and Low Latency Gaming (V405-H19)",$219.88$219.88,4.3 out of 5 stars
SAMSUNG 40 inches LED Smart FHD TV 1080P (2019 Model), ,4.4 out of 5 stars
All-New Insignia NS-39DF310NA21 39-inch Smart HD 720p TV - Fire TV Edition,$169.99$169.99,4.6 out of 5 stars
"Samsung Electronics UN32N5300AFXZA 32"" 1080p Smart LED TV (2018), Black",$237.99$237.99,4.6 out of 5 stars
LG Electronics 24LM530S-PU 24-Inch HD webOS 3.5 Smart TV,$146.99$146.99,4.5 out of 5 stars
"TCL 65-inch 5-Series 4K UHD Dolby Vision HDR QLED Roku Smart TV - 65S535, 2021 Model", ,4.6 out of 5 stars
"VIZIO 24-Inch D-Series LED HDTV  with Apple AirPlay and Chromecast Built in Screen Mirroring for Second Screens, & 150+ Free Streaming Channels (D24h-G9)",$118.00$118.00,4.4 out of 5 stars
"All-New Toshiba 32LF221U21 32-inch Smart HD 720p TV - Fire TV Edition, Released 2020",$139.99$139.99,4.7 out of 5 stars
LG 22LJ4540 22 Inch Full HD 1080p IPS LED TV,$139.99$139.99,4.5 out of 5 stars
Hisense 40-Inch 40H5500F Class H55 Series Android Smart TV with Voice Remote (2020 Model),$229.99$229.99,4.3 out of 5 stars
"SuperSonic SC-1511H LED Widescreen HDTV 15"" Flat Screen with USB Compatibility, SD Card Reader, HDMI & AC/DC Input: Built-in Digital Noise Reduction with Bonus HDMI Cable Included",$119.00$119.00,3.9 out of 5 stars
"Sony 32-inch 720p Smart LED TV (KDL32W600D, 2016 Model)",$298.00$298.00,4.3 out of 5 stars
"Philips Accessories Tilting Wall Mount Bracket for 30-80 Inch LCD LED HDTV Flat Screen with VESA 400x400, Holds up to 100 Lbs, Lockable Safety Bar, Easy Installation, Hardware Included, SQM7442/27",$24.99$24.99,4.3 out of 5 stars
"SuperSonic SC-1912 LED Widescreen HDTV 19"", Built-in DVD Player with HDMI, USB, SD & AC/DC Input: DVD/CD/CDR High Resolution and Digital Noise Reduction",$140.99$140.99,4.1 out of 5 stars
"TCL 75-inch 6-Series 4K UHD Dolby Vision HDR QLED Roku Smart TV - 75R635, 2021 Model", ,4.5 out of 5 stars
"Hisense 55-Inch Class H8 Quantum Series Android 4K ULED Smart TV with Voice Remote (55H8G, 2020 Model)", ,4.4 out of 5 stars
"SAMSUNG QN32Q50RAFXZA Flat 32"" QLED 4K 32Q50 Series Smart TV (2019 model)",$497.99$497.99,4.7 out of 5 stars
All-New Insignia NS-24DF310NA21 24-inch Smart HD 720p TV - Fire TV Edition,$99.99$99.99,4.6 out of 5 stars
Insignia NS-32DF310NA19 32-inch Smart HD TV - Fire TV Edition,$119.99$119.99,4.7 out of 5 stars
Fire TV Stick Lite with Alexa Voice Remote Lite (no TV controls) | HD streaming device | 2020 release, ,4.7 out of 5 stars
"TCL 50-inch Class 4-Series 4K UHD Smart Roku LED TV - 50S435, 2021 Model", ,4.6 out of 5 stars
"TCL 32-inch 3-Series 720p Roku Smart TV - 32S335, 2021 Model",$148.00$148.00,4.6 out of 5 stars
"VIZIO 40-Inch V-Series 4K UHD LED HDR Smart TV with Apple AirPlay and Chromecast Built-in, Dolby Vision, HDR10+, HDMI 2.1, Auto Game Mode and Low Latency Gaming (V405-H19)",$219.88$219.88,4.3 out of 5 stars
SAMSUNG 40 inches LED Smart FHD TV 1080P (2019 Model), ,4.4 out of 5 stars
All-New Insignia NS-39DF310NA21 39-inch Smart HD 720p TV - Fire TV Edition,$169.99$169.99,4.6 out of 5 stars
"Samsung Electronics UN32N5300AFXZA 32"" 1080p Smart LED TV (2018), Black",$237.99$237.99,4.6 out of 5 stars
LG Electronics 24LM530S-PU 24-Inch HD webOS 3.5 Smart TV,$146.99$146.99,4.5 out of 5 stars
"TCL 65-inch 5-Series 4K UHD Dolby Vision HDR QLED Roku Smart TV - 65S535, 2021 Model", ,4.6 out of 5 stars
"VIZIO 24-Inch D-Series LED HDTV  with Apple AirPlay and Chromecast Built in Screen Mirroring for Second Screens, & 150+ Free Streaming Channels (D24h-G9)",$118.00$118.00,4.4 out of 5 stars
"All-New Toshiba 32LF221U21 32-inch Smart HD 720p TV - Fire TV Edition, Released 2020",$139.99$139.99,4.7 out of 5 stars
LG 22LJ4540 22 Inch Full HD 1080p IPS LED TV,$139.99$139.99,4.5 out of 5 stars
Hisense 40-Inch 40H5500F Class H55 Series Android Smart TV with Voice Remote (2020 Model),$229.99$229.99,4.3 out of 5 stars
"SuperSonic SC-1511H LED Widescreen HDTV 15"" Flat Screen with USB Compatibility, SD Card Reader, HDMI & AC/DC Input: Built-in Digital Noise Reduction with Bonus HDMI Cable Included",$119.00$119.00,3.9 out of 5 stars
"Sony 32-inch 720p Smart LED TV (KDL32W600D, 2016 Model)",$298.00$298.00,4.3 out of 5 stars
"Philips Accessories Tilting Wall Mount Bracket for 30-80 Inch LCD LED HDTV Flat Screen with VESA 400x400, Holds up to 100 Lbs, Lockable Safety Bar, Easy Installation, Hardware Included, SQM7442/27",$24.99$24.99,4.3 out of 5 stars
"SuperSonic SC-1912 LED Widescreen HDTV 19"", Built-in DVD Player with HDMI, USB, SD & AC/DC Input: DVD/CD/CDR High Resolution and Digital Noise Reduction",$140.99$140.99,4.1 out of 5 stars
"TCL 75-inch 6-Series 4K UHD Dolby Vision HDR QLED Roku Smart TV - 75R635, 2021 Model", ,4.5 out of 5 stars
"Hisense 55-Inch Class H8 Quantum Series Android 4K ULED Smart TV with Voice Remote (55H8G, 2020 Model)", ,4.4 out of 5 stars
"SAMSUNG QN32Q50RAFXZA Flat 32"" QLED 4K 32Q50 Series Smart TV (2019 model)",$497.99$497.99,4.7 out of 5 stars
All-New Insignia NS-24DF310NA21 24-inch Smart HD 720p TV - Fire TV Edition,$99.99$99.99,4.6 out of 5 stars
Insignia NS-32DF310NA19 32-inch Smart HD TV - Fire TV Edition,$119.99$119.99,4.7 out of 5 stars
Fire TV Stick Lite with Alexa Voice Remote Lite (no TV controls) | HD streaming device | 2020 release, ,4.7 out of 5 stars
"TCL 50-inch Class 4-Series 4K UHD Smart Roku LED TV - 50S435, 2021 Model", ,4.6 out of 5 stars
"TCL 32-inch 3-Series 720p Roku Smart TV - 32S335, 2021 Model",$148.00$148.00,4.6 out of 5 stars
"VIZIO 40-Inch V-Series 4K UHD LED HDR Smart TV with Apple AirPlay and Chromecast Built-in, Dolby Vision, HDR10+, HDMI 2.1, Auto Game Mode and Low Latency Gaming (V405-H19)",$219.88$219.88,4.3 out of 5 stars
SAMSUNG 40 inches LED Smart FHD TV 1080P (2019 Model), ,4.4 out of 5 stars
All-New Insignia NS-39DF310NA21 39-inch Smart HD 720p TV - Fire TV Edition,$169.99$169.99,4.6 out of 5 stars
"Samsung Electronics UN32N5300AFXZA 32"" 1080p Smart LED TV (2018), Black",$237.99$237.99,4.6 out of 5 stars
LG Electronics 24LM530S-PU 24-Inch HD webOS 3.5 Smart TV,$146.99$146.99,4.5 out of 5 stars
"TCL 65-inch 5-Series 4K UHD Dolby Vision HDR QLED Roku Smart TV - 65S535, 2021 Model", ,4.6 out of 5 stars
"VIZIO 24-Inch D-Series LED HDTV  with Apple AirPlay and Chromecast Built in Screen Mirroring for Second Screens, & 150+ Free Streaming Channels (D24h-G9)",$118.00$118.00,4.4 out of 5 stars
"All-New Toshiba 32LF221U21 32-inch Smart HD 720p TV - Fire TV Edition, Released 2020",$139.99$139.99,4.7 out of 5 stars
LG 22LJ4540 22 Inch Full HD 1080p IPS LED TV,$139.99$139.99,4.5 out of 5 stars
Hisense 40-Inch 40H5500F Class H55 Series Android Smart TV with Voice Remote (2020 Model),$229.99$229.99,4.3 out of 5 stars
"SuperSonic SC-1511H LED Widescreen HDTV 15"" Flat Screen with USB Compatibility, SD Card Reader, HDMI & AC/DC Input: Built-in Digital Noise Reduction with Bonus HDMI Cable Included",$119.00$119.00,3.9 out of 5 stars
"Sony 32-inch 720p Smart LED TV (KDL32W600D, 2016 Model)",$298.00$298.00,4.3 out of 5 stars
"Philips Accessories Tilting Wall Mount Bracket for 30-80 Inch LCD LED HDTV Flat Screen with VESA 400x400, Holds up to 100 Lbs, Lockable Safety Bar, Easy Installation, Hardware Included, SQM7442/27",$24.99$24.99,4.3 out of 5 stars
"SuperSonic SC-1912 LED Widescreen HDTV 19"", Built-in DVD Player with HDMI, USB, SD & AC/DC Input: DVD/CD/CDR High Resolution and Digital Noise Reduction",$140.99$140.99,4.1 out of 5 stars
"TCL 75-inch 6-Series 4K UHD Dolby Vision HDR QLED Roku Smart TV - 75R635, 2021 Model", ,4.5 out of 5 stars
"Hisense 55-Inch Class H8 Quantum Series Android 4K ULED Smart TV with Voice Remote (55H8G, 2020 Model)", ,4.4 out of 5 stars
"SAMSUNG QN32Q50RAFXZA Flat 32"" QLED 4K 32Q50 Series Smart TV (2019 model)",$497.99$497.99,4.7 out of 5 stars
All-New Insignia NS-24DF310NA21 24-inch Smart HD 720p TV - Fire TV Edition,$99.99$99.99,4.6 out of 5 stars
Insignia NS-32DF310NA19 32-inch Smart HD TV - Fire TV Edition,$119.99$119.99,4.7 out of 5 stars
Fire TV Stick Lite with Alexa Voice Remote Lite (no TV controls) | HD streaming device | 2020 release, ,4.7 out of 5 stars
"TCL 50-inch Class 4-Series 4K UHD Smart Roku LED TV - 50S435, 2021 Model", ,4.6 out of 5 stars
"TCL 32-inch 3-Series 720p Roku Smart TV - 32S335, 2021 Model",$148.00$148.00,4.6 out of 5 stars
"VIZIO 40-Inch V-Series 4K UHD LED HDR Smart TV with Apple AirPlay and Chromecast Built-in, Dolby Vision, HDR10+, HDMI 2.1, Auto Game Mode and Low Latency Gaming (V405-H19)",$219.88$219.88,4.3 out of 5 stars
SAMSUNG 40 inches LED Smart FHD TV 1080P (2019 Model), ,4.4 out of 5 stars
All-New Insignia NS-39DF310NA21 39-inch Smart HD 720p TV - Fire TV Edition,$169.99$169.99,4.6 out of 5 stars
"Samsung Electronics UN32N5300AFXZA 32"" 1080p Smart LED TV (2018), Black",$237.99$237.99,4.6 out of 5 stars
LG Electronics 24LM530S-PU 24-Inch HD webOS 3.5 Smart TV,$146.99$146.99,4.5 out of 5 stars
"TCL 65-inch 5-Series 4K UHD Dolby Vision HDR QLED Roku Smart TV - 65S535, 2021 Model", ,4.6 out of 5 stars
"VIZIO 24-Inch D-Series LED HDTV  with Apple AirPlay and Chromecast Built in Screen Mirroring for Second Screens, & 150+ Free Streaming Channels (D24h-G9)",$118.00$118.00,4.4 out of 5 stars
"All-New Toshiba 32LF221U21 32-inch Smart HD 720p TV - Fire TV Edition, Released 2020",$139.99$139.99,4.7 out of 5 stars
LG 22LJ4540 22 Inch Full HD 1080p IPS LED TV,$139.99$139.99,4.5 out of 5 stars
Hisense 40-Inch 40H5500F Class H55 Series Android Smart TV with Voice Remote (2020 Model),$229.99$229.99,4.3 out of 5 stars
"SuperSonic SC-1511H LED Widescreen HDTV 15"" Flat Screen with USB Compatibility, SD Card Reader, HDMI & AC/DC Input: Built-in Digital Noise Reduction with Bonus HDMI Cable Included",$119.00$119.00,3.9 out of 5 stars
"Sony 32-inch 720p Smart LED TV (KDL32W600D, 2016 Model)",$298.00$298.00,4.3 out of 5 stars
"Philips Accessories Tilting Wall Mount Bracket for 30-80 Inch LCD LED HDTV Flat Screen with VESA 400x400, Holds up to 100 Lbs, Lockable Safety Bar, Easy Installation, Hardware Included, SQM7442/27",$24.99$24.99,4.3 out of 5 stars
"SuperSonic SC-1912 LED Widescreen HDTV 19"", Built-in DVD Player with HDMI, USB, SD & AC/DC Input: DVD/CD/CDR High Resolution and Digital Noise Reduction",$140.99$140.99,4.1 out of 5 stars
"TCL 75-inch 6-Series 4K UHD Dolby Vision HDR QLED Roku Smart TV - 75R635, 2021 Model", ,4.5 out of 5 stars
"Hisense 55-Inch Class H8 Quantum Series Android 4K ULED Smart TV with Voice Remote (55H8G, 2020 Model)", ,4.4 out of 5 stars
"SAMSUNG QN32Q50RAFXZA Flat 32"" QLED 4K 32Q50 Series Smart TV (2019 model)",$497.99$497.99,4.7 out of 5 stars
All-New Insignia NS-24DF310NA21 24-inch Smart HD 720p TV - Fire TV Edition,$99.99$99.99,4.6 out of 5 stars
Insignia NS-32DF310NA19 32-inch Smart HD TV - Fire TV Edition,$119.99$119.99,4.7 out of 5 stars
Fire TV Stick Lite with Alexa Voice Remote Lite (no TV controls) | HD streaming device | 2020 release, ,4.7 out of 5 stars
"TCL 50-inch Class 4-Series 4K UHD Smart Roku LED TV - 50S435, 2021 Model", ,4.6 out of 5 stars
"TCL 32-inch 3-Series 720p Roku Smart TV - 32S335, 2021 Model",$148.00$148.00,4.6 out of 5 stars
"VIZIO 40-Inch V-Series 4K UHD LED HDR Smart TV with Apple AirPlay and Chromecast Built-in, Dolby Vision, HDR10+, HDMI 2.1, Auto Game Mode and Low Latency Gaming (V405-H19)",$219.88$219.88,4.3 out of 5 stars
SAMSUNG 40 inches LED Smart FHD TV 1080P (2019 Model), ,4.4 out of 5 stars
All-New Insignia NS-39DF310NA21 39-inch Smart HD 720p TV - Fire TV Edition,$169.99$169.99,4.6 out of 5 stars
"Samsung Electronics UN32N5300AFXZA 32"" 1080p Smart LED TV (2018), Black",$237.99$237.99,4.6 out of 5 stars
LG Electronics 24LM530S-PU 24-Inch HD webOS 3.5 Smart TV,$146.99$146.99,4.5 out of 5 stars
"TCL 65-inch 5-Series 4K UHD Dolby Vision HDR QLED Roku Smart TV - 65S535, 2021 Model", ,4.6 out of 5 stars
"VIZIO 24-Inch D-Series LED HDTV  with Apple AirPlay and Chromecast Built in Screen Mirroring for Second Screens, & 150+ Free Streaming Channels (D24h-G9)",$118.00$118.00,4.4 out of 5 stars
"All-New Toshiba 32LF221U21 32-inch Smart HD 720p TV - Fire TV Edition, Released 2020",$139.99$139.99,4.7 out of 5 stars
LG 22LJ4540 22 Inch Full HD 1080p IPS LED TV,$139.99$139.99,4.5 out of 5 stars
Hisense 40-Inch 40H5500F Class H55 Series Android Smart TV with Voice Remote (2020 Model),$229.99$229.99,4.3 out of 5 stars
"SuperSonic SC-1511H LED Widescreen HDTV 15"" Flat Screen with USB Compatibility, SD Card Reader, HDMI & AC/DC Input: Built-in Digital Noise Reduction with Bonus HDMI Cable Included",$119.00$119.00,3.9 out of 5 stars
"Sony 32-inch 720p Smart LED TV (KDL32W600D, 2016 Model)",$298.00$298.00,4.3 out of 5 stars
"Philips Accessories Tilting Wall Mount Bracket for 30-80 Inch LCD LED HDTV Flat Screen with VESA 400x400, Holds up to 100 Lbs, Lockable Safety Bar, Easy Installation, Hardware Included, SQM7442/27",$24.99$24.99,4.3 out of 5 stars
"SuperSonic SC-1912 LED Widescreen HDTV 19"", Built-in DVD Player with HDMI, USB, SD & AC/DC Input: DVD/CD/CDR High Resolution and Digital Noise Reduction",$140.99$140.99,4.1 out of 5 stars
"TCL 75-inch 6-Series 4K UHD Dolby Vision HDR QLED Roku Smart TV - 75R635, 2021 Model", ,4.5 out of 5 stars
"Hisense 55-Inch Class H8 Quantum Series Android 4K ULED Smart TV with Voice Remote (55H8G, 2020 Model)", ,4.4 out of 5 stars
"SAMSUNG QN32Q50RAFXZA Flat 32"" QLED 4K 32Q50 Series Smart TV (2019 model)",$497.99$497.99,4.7 out of 5 stars
All-New Insignia NS-24DF310NA21 24-inch Smart HD 720p TV - Fire TV Edition,$99.99$99.99,4.6 out of 5 stars
Insignia NS-32DF310NA19 32-inch Smart HD TV - Fire TV Edition,$119.99$119.99,4.7 out of 5 stars
Fire TV Stick Lite with Alexa Voice Remote Lite (no TV controls) | HD streaming device | 2020 release, ,4.7 out of 5 stars
"TCL 50-inch Class 4-Series 4K UHD Smart Roku LED TV - 50S435, 2021 Model", ,4.6 out of 5 stars
"TCL 32-inch 3-Series 720p Roku Smart TV - 32S335, 2021 Model",$148.00$148.00,4.6 out of 5 stars
"VIZIO 40-Inch V-Series 4K UHD LED HDR Smart TV with Apple AirPlay and Chromecast Built-in, Dolby Vision, HDR10+, HDMI 2.1, Auto Game Mode and Low Latency Gaming (V405-H19)",$219.88$219.88,4.3 out of 5 stars
SAMSUNG 40 inches LED Smart FHD TV 1080P (2019 Model), ,4.4 out of 5 stars
All-New Insignia NS-39DF310NA21 39-inch Smart HD 720p TV - Fire TV Edition,$169.99$169.99,4.6 out of 5 stars
"Samsung Electronics UN32N5300AFXZA 32"" 1080p Smart LED TV (2018), Black",$237.99$237.99,4.6 out of 5 stars
LG Electronics 24LM530S-PU 24-Inch HD webOS 3.5 Smart TV,$146.99$146.99,4.5 out of 5 stars
"TCL 65-inch 5-Series 4K UHD Dolby Vision HDR QLED Roku Smart TV - 65S535, 2021 Model", ,4.6 out of 5 stars
"VIZIO 24-Inch D-Series LED HDTV  with Apple AirPlay and Chromecast Built in Screen Mirroring for Second Screens, & 150+ Free Streaming Channels (D24h-G9)",$118.00$118.00,4.4 out of 5 stars
"All-New Toshiba 32LF221U21 32-inch Smart HD 720p TV - Fire TV Edition, Released 2020",$139.99$139.99,4.7 out of 5 stars
LG 22LJ4540 22 Inch Full HD 1080p IPS LED TV,$139.99$139.99,4.5 out of 5 stars
Hisense 40-Inch 40H5500F Class H55 Series Android Smart TV with Voice Remote (2020 Model),$229.99$229.99,4.3 out of 5 stars
"SuperSonic SC-1511H LED Widescreen HDTV 15"" Flat Screen with USB Compatibility, SD Card Reader, HDMI & AC/DC Input: Built-in Digital Noise Reduction with Bonus HDMI Cable Included",$119.00$119.00,3.9 out of 5 stars
"Sony 32-inch 720p Smart LED TV (KDL32W600D, 2016 Model)",$298.00$298.00,4.3 out of 5 stars
"Philips Accessories Tilting Wall Mount Bracket for 30-80 Inch LCD LED HDTV Flat Screen with VESA 400x400, Holds up to 100 Lbs, Lockable Safety Bar, Easy Installation, Hardware Included, SQM7442/27",$24.99$24.99,4.3 out of 5 stars
"SuperSonic SC-1912 LED Widescreen HDTV 19"", Built-in DVD Player with HDMI, USB, SD & AC/DC Input: DVD/CD/CDR High Resolution and Digital Noise Reduction",$140.99$140.99,4.1 out of 5 stars
"TCL 75-inch 6-Series 4K UHD Dolby Vision HDR QLED Roku Smart TV - 75R635, 2021 Model", ,4.5 out of 5 stars
"Hisense 55-Inch Class H8 Quantum Series Android 4K ULED Smart TV with Voice Remote (55H8G, 2020 Model)", ,4.4 out of 5 stars
"SAMSUNG QN32Q50RAFXZA Flat 32"" QLED 4K 32Q50 Series Smart TV (2019 model)",$497.99$497.99,4.7 out of 5 stars
All-New Insignia NS-24DF310NA21 24-inch Smart HD 720p TV - Fire TV Edition,$99.99$99.99,4.6 out of 5 stars
Insignia NS-32DF310NA19 32-inch Smart HD TV - Fire TV Edition,$119.99$119.99,4.7 out of 5 stars
Fire TV Stick Lite with Alexa Voice Remote Lite (no TV controls) | HD streaming device | 2020 release, ,4.7 out of 5 stars
"TCL 50-inch Class 4-Series 4K UHD Smart Roku LED TV - 50S435, 2021 Model", ,4.6 out of 5 stars
"TCL 32-inch 3-Series 720p Roku Smart TV - 32S335, 2021 Model",$148.00$148.00,4.6 out of 5 stars
"VIZIO 40-Inch V-Series 4K UHD LED HDR Smart TV with Apple AirPlay and Chromecast Built-in, Dolby Vision, HDR10+, HDMI 2.1, Auto Game Mode and Low Latency Gaming (V405-H19)",$219.88$219.88,4.3 out of 5 stars
SAMSUNG 40 inches LED Smart FHD TV 1080P (2019 Model), ,4.4 out of 5 stars
All-New Insignia NS-39DF310NA21 39-inch Smart HD 720p TV - Fire TV Edition,$169.99$169.99,4.6 out of 5 stars
"Samsung Electronics UN32N5300AFXZA 32"" 1080p Smart LED TV (2018), Black",$237.99$237.99,4.6 out of 5 stars
LG Electronics 24LM530S-PU 24-Inch HD webOS 3.5 Smart TV,$146.99$146.99,4.5 out of 5 stars
"TCL 65-inch 5-Series 4K UHD Dolby Vision HDR QLED Roku Smart TV - 65S535, 2021 Model", ,4.6 out of 5 stars
"VIZIO 24-Inch D-Series LED HDTV  with Apple AirPlay and Chromecast Built in Screen Mirroring for Second Screens, & 150+ Free Streaming Channels (D24h-G9)",$118.00$118.00,4.4 out of 5 stars
"All-New Toshiba 32LF221U21 32-inch Smart HD 720p TV - Fire TV Edition, Released 2020",$139.99$139.99,4.7 out of 5 stars
LG 22LJ4540 22 Inch Full HD 1080p IPS LED TV,$139.99$139.99,4.5 out of 5 stars
Hisense 40-Inch 40H5500F Class H55 Series Android Smart TV with Voice Remote (2020 Model),$229.99$229.99,4.3 out of 5 stars
"SuperSonic SC-1511H LED Widescreen HDTV 15"" Flat Screen with USB Compatibility, SD Card Reader, HDMI & AC/DC Input: Built-in Digital Noise Reduction with Bonus HDMI Cable Included",$119.00$119.00,3.9 out of 5 stars
"Sony 32-inch 720p Smart LED TV (KDL32W600D, 2016 Model)",$298.00$298.00,4.3 out of 5 stars
"Philips Accessories Tilting Wall Mount Bracket for 30-80 Inch LCD LED HDTV Flat Screen with VESA 400x400, Holds up to 100 Lbs, Lockable Safety Bar, Easy Installation, Hardware Included, SQM7442/27",$24.99$24.99,4.3 out of 5 stars
"SuperSonic SC-1912 LED Widescreen HDTV 19"", Built-in DVD Player with HDMI, USB, SD & AC/DC Input: DVD/CD/CDR High Resolution and Digital Noise Reduction",$140.99$140.99,4.1 out of 5 stars
"TCL 75-inch 6-Series 4K UHD Dolby Vision HDR QLED Roku Smart TV - 75R635, 2021 Model", ,4.5 out of 5 stars
"Hisense 55-Inch Class H8 Quantum Series Android 4K ULED Smart TV with Voice Remote (55H8G, 2020 Model)", ,4.4 out of 5 stars
"SAMSUNG QN32Q50RAFXZA Flat 32"" QLED 4K 32Q50 Series Smart TV (2019 model)",$497.99$497.99,4.7 out of 5 stars
All-New Insignia NS-24DF310NA21 24-inch Smart HD 720p TV - Fire TV Edition,$99.99$99.99,4.6 out of 5 stars
Insignia NS-32DF310NA19 32-inch Smart HD TV - Fire TV Edition,$119.99$119.99,4.7 out of 5 stars
Fire TV Stick Lite with Alexa Voice Remote Lite (no TV controls) | HD streaming device | 2020 release, ,4.7 out of 5 stars
"TCL 50-inch Class 4-Series 4K UHD Smart Roku LED TV - 50S435, 2021 Model", ,4.6 out of 5 stars
"TCL 32-inch 3-Series 720p Roku Smart TV - 32S335, 2021 Model",$148.00$148.00,4.6 out of 5 stars
"VIZIO 40-Inch V-Series 4K UHD LED HDR Smart TV with Apple AirPlay and Chromecast Built-in, Dolby Vision, HDR10+, HDMI 2.1, Auto Game Mode and Low Latency Gaming (V405-H19)",$219.88$219.88,4.3 out of 5 stars
SAMSUNG 40 inches LED Smart FHD TV 1080P (2019 Model), ,4.4 out of 5 stars
All-New Insignia NS-39DF310NA21 39-inch Smart HD 720p TV - Fire TV Edition,$169.99$169.99,4.6 out of 5 stars
"Samsung Electronics UN32N5300AFXZA 32"" 1080p Smart LED TV (2018), Black",$237.99$237.99,4.6 out of 5 stars
LG Electronics 24LM530S-PU 24-Inch HD webOS 3.5 Smart TV,$146.99$146.99,4.5 out of 5 stars
"TCL 65-inch 5-Series 4K UHD Dolby Vision HDR QLED Roku Smart TV - 65S535, 2021 Model", ,4.6 out of 5 stars
"VIZIO 24-Inch D-Series LED HDTV  with Apple AirPlay and Chromecast Built in Screen Mirroring for Second Screens, & 150+ Free Streaming Channels (D24h-G9)",$118.00$118.00,4.4 out of 5 stars
"All-New Toshiba 32LF221U21 32-inch Smart HD 720p TV - Fire TV Edition, Released 2020",$139.99$139.99,4.7 out of 5 stars
LG 22LJ4540 22 Inch Full HD 1080p IPS LED TV,$139.99$139.99,4.5 out of 5 stars
Hisense 40-Inch 40H5500F Class H55 Series Android Smart TV with Voice Remote (2020 Model),$229.99$229.99,4.3 out of 5 stars
"SuperSonic SC-1511H LED Widescreen HDTV 15"" Flat Screen with USB Compatibility, SD Card Reader, HDMI & AC/DC Input: Built-in Digital Noise Reduction with Bonus HDMI Cable Included",$119.00$119.00,3.9 out of 5 stars
"Sony 32-inch 720p Smart LED TV (KDL32W600D, 2016 Model)",$298.00$298.00,4.3 out of 5 stars
"Philips Accessories Tilting Wall Mount Bracket for 30-80 Inch LCD LED HDTV Flat Screen with VESA 400x400, Holds up to 100 Lbs, Lockable Safety Bar, Easy Installation, Hardware Included, SQM7442/27",$24.99$24.99,4.3 out of 5 stars
"SuperSonic SC-1912 LED Widescreen HDTV 19"", Built-in DVD Player with HDMI, USB, SD & AC/DC Input: DVD/CD/CDR High Resolution and Digital Noise Reduction",$140.99$140.99,4.1 out of 5 stars
"TCL 75-inch 6-Series 4K UHD Dolby Vision HDR QLED Roku Smart TV - 75R635, 2021 Model", ,4.5 out of 5 stars
"Hisense 55-Inch Class H8 Quantum Series Android 4K ULED Smart TV with Voice Remote (55H8G, 2020 Model)", ,4.4 out of 5 stars
"SAMSUNG QN32Q50RAFXZA Flat 32"" QLED 4K 32Q50 Series Smart TV (2019 model)",$497.99$497.99,4.7 out of 5 stars
All-New Insignia NS-24DF310NA21 24-inch Smart HD 720p TV - Fire TV Edition,$99.99$99.99,4.6 out of 5 stars
Insignia NS-32DF310NA19 32-inch Smart HD TV - Fire TV Edition,$119.99$119.99,4.7 out of 5 stars
Fire TV Stick Lite with Alexa Voice Remote Lite (no TV controls) | HD streaming device | 2020 release, ,4.7 out of 5 stars
"TCL 50-inch Class 4-Series 4K UHD Smart Roku LED TV - 50S435, 2021 Model", ,4.6 out of 5 stars
"TCL 32-inch 3-Series 720p Roku Smart TV - 32S335, 2021 Model",$148.00$148.00,4.6 out of 5 stars
"VIZIO 40-Inch V-Series 4K UHD LED HDR Smart TV with Apple AirPlay and Chromecast Built-in, Dolby Vision, HDR10+, HDMI 2.1, Auto Game Mode and Low Latency Gaming (V405-H19)",$219.88$219.88,4.3 out of 5 stars
SAMSUNG 40 inches LED Smart FHD TV 1080P (2019 Model), ,4.4 out of 5 stars
All-New Insignia NS-39DF310NA21 39-inch Smart HD 720p TV - Fire TV Edition,$169.99$169.99,4.6 out of 5 stars
"Samsung Electronics UN32N5300AFXZA 32"" 1080p Smart LED TV (2018), Black",$237.99$237.99,4.6 out of 5 stars
LG Electronics 24LM530S-PU 24-Inch HD webOS 3.5 Smart TV,$146.99$146.99,4.5 out of 5 stars
"TCL 65-inch 5-Series 4K UHD Dolby Vision HDR QLED Roku Smart TV - 65S535, 2021 Model", ,4.6 out of 5 stars
"VIZIO 24-Inch D-Series LED HDTV  with Apple AirPlay and Chromecast Built in Screen Mirroring for Second Screens, & 150+ Free Streaming Channels (D24h-G9)",$118.00$118.00,4.4 out of 5 stars
"All-New Toshiba 32LF221U21 32-inch Smart HD 720p TV - Fire TV Edition, Released 2020",$139.99$139.99,4.7 out of 5 stars
LG 22LJ4540 22 Inch Full HD 1080p IPS LED TV,$139.99$139.99,4.5 out of 5 stars
Hisense 40-Inch 40H5500F Class H55 Series Android Smart TV with Voice Remote (2020 Model),$229.99$229.99,4.3 out of 5 stars
"SuperSonic SC-1511H LED Widescreen HDTV 15"" Flat Screen with USB Compatibility, SD Card Reader, HDMI & AC/DC Input: Built-in Digital Noise Reduction with Bonus HDMI Cable Included",$119.00$119.00,3.9 out of 5 stars
"Sony 32-inch 720p Smart LED TV (KDL32W600D, 2016 Model)",$298.00$298.00,4.3 out of 5 stars
"Philips Accessories Tilting Wall Mount Bracket for 30-80 Inch LCD LED HDTV Flat Screen with VESA 400x400, Holds up to 100 Lbs, Lockable Safety Bar, Easy Installation, Hardware Included, SQM7442/27",$24.99$24.99,4.3 out of 5 stars
"SuperSonic SC-1912 LED Widescreen HDTV 19"", Built-in DVD Player with HDMI, USB, SD & AC/DC Input: DVD/CD/CDR High Resolution and Digital Noise Reduction",$140.99$140.99,4.1 out of 5 stars
"TCL 75-inch 6-Series 4K UHD Dolby Vision HDR QLED Roku Smart TV - 75R635, 2021 Model", ,4.5 out of 5 stars
"Hisense 55-Inch Class H8 Quantum Series Android 4K ULED Smart TV with Voice Remote (55H8G, 2020 Model)", ,4.4 out of 5 stars
"SAMSUNG QN32Q50RAFXZA Flat 32"" QLED 4K 32Q50 Series Smart TV (2019 model)",$497.99$497.99,4.7 out of 5 stars
All-New Insignia NS-24DF310NA21 24-inch Smart HD 720p TV - Fire TV Edition,$99.99$99.99,4.6 out of 5 stars
Insignia NS-32DF310NA19 32-inch Smart HD TV - Fire TV Edition,$119.99$119.99,4.7 out of 5 stars
Fire TV Stick Lite with Alexa Voice Remote Lite (no TV controls) | HD streaming device | 2020 release, ,4.7 out of 5 stars
"TCL 50-inch Class 4-Series 4K UHD Smart Roku LED TV - 50S435, 2021 Model", ,4.6 out of 5 stars
"TCL 32-inch 3-Series 720p Roku Smart TV - 32S335, 2021 Model",$148.00$148.00,4.6 out of 5 stars
"VIZIO 40-Inch V-Series 4K UHD LED HDR Smart TV with Apple AirPlay and Chromecast Built-in, Dolby Vision, HDR10+, HDMI 2.1, Auto Game Mode and Low Latency Gaming (V405-H19)",$219.88$219.88,4.3 out of 5 stars
SAMSUNG 40 inches LED Smart FHD TV 1080P (2019 Model), ,4.4 out of 5 stars
All-New Insignia NS-39DF310NA21 39-inch Smart HD 720p TV - Fire TV Edition,$169.99$169.99,4.6 out of 5 stars
"Samsung Electronics UN32N5300AFXZA 32"" 1080p Smart LED TV (2018), Black",$237.99$237.99,4.6 out of 5 stars
LG Electronics 24LM530S-PU 24-Inch HD webOS 3.5 Smart TV,$146.99$146.99,4.5 out of 5 stars
"TCL 65-inch 5-Series 4K UHD Dolby Vision HDR QLED Roku Smart TV - 65S535, 2021 Model", ,4.6 out of 5 stars
"VIZIO 24-Inch D-Series LED HDTV  with Apple AirPlay and Chromecast Built in Screen Mirroring for Second Screens, & 150+ Free Streaming Channels (D24h-G9)",$118.00$118.00,4.4 out of 5 stars
"All-New Toshiba 32LF221U21 32-inch Smart HD 720p TV - Fire TV Edition, Released 2020",$139.99$139.99,4.7 out of 5 stars
LG 22LJ4540 22 Inch Full HD 1080p IPS LED TV,$139.99$139.99,4.5 out of 5 stars
Hisense 40-Inch 40H5500F Class H55 Series Android Smart TV with Voice Remote (2020 Model),$229.99$229.99,4.3 out of 5 stars
"SuperSonic SC-1511H LED Widescreen HDTV 15"" Flat Screen with USB Compatibility, SD Card Reader, HDMI & AC/DC Input: Built-in Digital Noise Reduction with Bonus HDMI Cable Included",$119.00$119.00,3.9 out of 5 stars
"Sony 32-inch 720p Smart LED TV (KDL32W600D, 2016 Model)",$298.00$298.00,4.3 out of 5 stars
"Philips Accessories Tilting Wall Mount Bracket for 30-80 Inch LCD LED HDTV Flat Screen with VESA 400x400, Holds up to 100 Lbs, Lockable Safety Bar, Easy Installation, Hardware Included, SQM7442/27",$24.99$24.99,4.3 out of 5 stars
"SuperSonic SC-1912 LED Widescreen HDTV 19"", Built-in DVD Player with HDMI, USB, SD & AC/DC Input: DVD/CD/CDR High Resolution and Digital Noise Reduction",$140.99$140.99,4.1 out of 5 stars
"TCL 75-inch 6-Series 4K UHD Dolby Vision HDR QLED Roku Smart TV - 75R635, 2021 Model", ,4.5 out of 5 stars
"Hisense 55-Inch Class H8 Quantum Series Android 4K ULED Smart TV with Voice Remote (55H8G, 2020 Model)", ,4.4 out of 5 stars
"SAMSUNG QN32Q50RAFXZA Flat 32"" QLED 4K 32Q50 Series Smart TV (2019 model)",$497.99$497.99,4.7 out of 5 stars
All-New Insignia NS-24DF310NA21 24-inch Smart HD 720p TV - Fire TV Edition,$99.99$99.99,4.6 out of 5 stars
Insignia NS-32DF310NA19 32-inch Smart HD TV - Fire TV Edition,$119.99$119.99,4.7 out of 5 stars
Fire TV Stick Lite with Alexa Voice Remote Lite (no TV controls) | HD streaming device | 2020 release, ,4.7 out of 5 stars
"TCL 50-inch Class 4-Series 4K UHD Smart Roku LED TV - 50S435, 2021 Model", ,4.6 out of 5 stars
"TCL 32-inch 3-Series 720p Roku Smart TV - 32S335, 2021 Model",$148.00$148.00,4.6 out of 5 stars
"VIZIO 40-Inch V-Series 4K UHD LED HDR Smart TV with Apple AirPlay and Chromecast Built-in, Dolby Vision, HDR10+, HDMI 2.1, Auto Game Mode and Low Latency Gaming (V405-H19)",$219.88$219.88,4.3 out of 5 stars
SAMSUNG 40 inches LED Smart FHD TV 1080P (2019 Model), ,4.4 out of 5 stars
All-New Insignia NS-39DF310NA21 39-inch Smart HD 720p TV - Fire TV Edition,$169.99$169.99,4.6 out of 5 stars
"Samsung Electronics UN32N5300AFXZA 32"" 1080p Smart LED TV (2018), Black",$237.99$237.99,4.6 out of 5 stars
LG Electronics 24LM530S-PU 24-Inch HD webOS 3.5 Smart TV,$146.99$146.99,4.5 out of 5 stars
"TCL 65-inch 5-Series 4K UHD Dolby Vision HDR QLED Roku Smart TV - 65S535, 2021 Model", ,4.6 out of 5 stars
"VIZIO 24-Inch D-Series LED HDTV  with Apple AirPlay and Chromecast Built in Screen Mirroring for Second Screens, & 150+ Free Streaming Channels (D24h-G9)",$118.00$118.00,4.4 out of 5 stars
"All-New Toshiba 32LF221U21 32-inch Smart HD 720p TV - Fire TV Edition, Released 2020",$139.99$139.99,4.7 out of 5 stars
LG 22LJ4540 22 Inch Full HD 1080p IPS LED TV,$139.99$139.99,4.5 out of 5 stars
Hisense 40-Inch 40H5500F Class H55 Series Android Smart TV with Voice Remote (2020 Model),$229.99$229.99,4.3 out of 5 stars
"SuperSonic SC-1511H LED Widescreen HDTV 15"" Flat Screen with USB Compatibility, SD Card Reader, HDMI & AC/DC Input: Built-in Digital Noise Reduction with Bonus HDMI Cable Included",$119.00$119.00,3.9 out of 5 stars
"Sony 32-inch 720p Smart LED TV (KDL32W600D, 2016 Model)",$298.00$298.00,4.3 out of 5 stars
"Philips Accessories Tilting Wall Mount Bracket for 30-80 Inch LCD LED HDTV Flat Screen with VESA 400x400, Holds up to 100 Lbs, Lockable Safety Bar, Easy Installation, Hardware Included, SQM7442/27",$24.99$24.99,4.3 out of 5 stars
"SuperSonic SC-1912 LED Widescreen HDTV 19"", Built-in DVD Player with HDMI, USB, SD & AC/DC Input: DVD/CD/CDR High Resolution and Digital Noise Reduction",$140.99$140.99,4.1 out of 5 stars
"TCL 75-inch 6-Series 4K UHD Dolby Vision HDR QLED Roku Smart TV - 75R635, 2021 Model", ,4.5 out of 5 stars
"Hisense 55-Inch Class H8 Quantum Series Android 4K ULED Smart TV with Voice Remote (55H8G, 2020 Model)", ,4.4 out of 5 stars
"SAMSUNG QN32Q50RAFXZA Flat 32"" QLED 4K 32Q50 Series Smart TV (2019 model)",$497.99$497.99,4.7 out of 5 stars
All-New Insignia NS-24DF310NA21 24-inch Smart HD 720p TV - Fire TV Edition,$99.99$99.99,4.6 out of 5 stars
Insignia NS-32DF310NA19 32-inch Smart HD TV - Fire TV Edition,$119.99$119.99,4.7 out of 5 stars
Fire TV Stick Lite with Alexa Voice Remote Lite (no TV controls) | HD streaming device | 2020 release, ,4.7 out of 5 stars
"TCL 50-inch Class 4-Series 4K UHD Smart Roku LED TV - 50S435, 2021 Model", ,4.6 out of 5 stars
"TCL 32-inch 3-Series 720p Roku Smart TV - 32S335, 2021 Model",$148.00$148.00,4.6 out of 5 stars
"VIZIO 40-Inch V-Series 4K UHD LED HDR Smart TV with Apple AirPlay and Chromecast Built-in, Dolby Vision, HDR10+, HDMI 2.1, Auto Game Mode and Low Latency Gaming (V405-H19)",$219.88$219.88,4.3 out of 5 stars
SAMSUNG 40 inches LED Smart FHD TV 1080P (2019 Model), ,4.4 out of 5 stars
All-New Insignia NS-39DF310NA21 39-inch Smart HD 720p TV - Fire TV Edition,$169.99$169.99,4.6 out of 5 stars
"Samsung Electronics UN32N5300AFXZA 32"" 1080p Smart LED TV (2018), Black",$237.99$237.99,4.6 out of 5 stars
LG Electronics 24LM530S-PU 24-Inch HD webOS 3.5 Smart TV,$146.99$146.99,4.5 out of 5 stars
"TCL 65-inch 5-Series 4K UHD Dolby Vision HDR QLED Roku Smart TV - 65S535, 2021 Model", ,4.6 out of 5 stars
"VIZIO 24-Inch D-Series LED HDTV  with Apple AirPlay and Chromecast Built in Screen Mirroring for Second Screens, & 150+ Free Streaming Channels (D24h-G9)",$118.00$118.00,4.4 out of 5 stars
"All-New Toshiba 32LF221U21 32-inch Smart HD 720p TV - Fire TV Edition, Released 2020",$139.99$139.99,4.7 out of 5 stars
LG 22LJ4540 22 Inch Full HD 1080p IPS LED TV,$139.99$139.99,4.5 out of 5 stars
Hisense 40-Inch 40H5500F Class H55 Series Android Smart TV with Voice Remote (2020 Model),$229.99$229.99,4.3 out of 5 stars
"SuperSonic SC-1511H LED Widescreen HDTV 15"" Flat Screen with USB Compatibility, SD Card Reader, HDMI & AC/DC Input: Built-in Digital Noise Reduction with Bonus HDMI Cable Included",$119.00$119.00,3.9 out of 5 stars
"Sony 32-inch 720p Smart LED TV (KDL32W600D, 2016 Model)",$298.00$298.00,4.3 out of 5 stars
"Philips Accessories Tilting Wall Mount Bracket for 30-80 Inch LCD LED HDTV Flat Screen with VESA 400x400, Holds up to 100 Lbs, Lockable Safety Bar, Easy Installation, Hardware Included, SQM7442/27",$24.99$24.99,4.3 out of 5 stars
"SuperSonic SC-1912 LED Widescreen HDTV 19"", Built-in DVD Player with HDMI, USB, SD & AC/DC Input: DVD/CD/CDR High Resolution and Digital Noise Reduction",$140.99$140.99,4.1 out of 5 stars
"TCL 75-inch 6-Series 4K UHD Dolby Vision HDR QLED Roku Smart TV - 75R635, 2021 Model", ,4.5 out of 5 stars
"Hisense 55-Inch Class H8 Quantum Series Android 4K ULED Smart TV with Voice Remote (55H8G, 2020 Model)", ,4.4 out of 5 stars
"SAMSUNG QN32Q50RAFXZA Flat 32"" QLED 4K 32Q50 Series Smart TV (2019 model)",$497.99$497.99,4.7 out of 5 stars
All-New Insignia NS-24DF310NA21 24-inch Smart HD 720p TV - Fire TV Edition,$99.99$99.99,4.6 out of 5 stars
Insignia NS-32DF310NA19 32-inch Smart HD TV - Fire TV Edition,$119.99$119.99,4.7 out of 5 stars
Fire TV Stick Lite with Alexa Voice Remote Lite (no TV controls) | HD streaming device | 2020 release, ,4.7 out of 5 stars
"TCL 50-inch Class 4-Series 4K UHD Smart Roku LED TV - 50S435, 2021 Model", ,4.6 out of 5 stars
"TCL 32-inch 3-Series 720p Roku Smart TV - 32S335, 2021 Model",$148.00$148.00,4.6 out of 5 stars
"VIZIO 40-Inch V-Series 4K UHD LED HDR Smart TV with Apple AirPlay and Chromecast Built-in, Dolby Vision, HDR10+, HDMI 2.1, Auto Game Mode and Low Latency Gaming (V405-H19)",$219.88$219.88,4.3 out of 5 stars
SAMSUNG 40 inches LED Smart FHD TV 1080P (2019 Model), ,4.4 out of 5 stars
All-New Insignia NS-39DF310NA21 39-inch Smart HD 720p TV - Fire TV Edition,$169.99$169.99,4.6 out of 5 stars
"Samsung Electronics UN32N5300AFXZA 32"" 1080p Smart LED TV (2018), Black",$237.99$237.99,4.6 out of 5 stars
LG Electronics 24LM530S-PU 24-Inch HD webOS 3.5 Smart TV,$146.99$146.99,4.5 out of 5 stars
"TCL 65-inch 5-Series 4K UHD Dolby Vision HDR QLED Roku Smart TV - 65S535, 2021 Model", ,4.6 out of 5 stars
"VIZIO 24-Inch D-Series LED HDTV  with Apple AirPlay and Chromecast Built in Screen Mirroring for Second Screens, & 150+ Free Streaming Channels (D24h-G9)",$118.00$118.00,4.4 out of 5 stars
"All-New Toshiba 32LF221U21 32-inch Smart HD 720p TV - Fire TV Edition, Released 2020",$139.99$139.99,4.7 out of 5 stars
LG 22LJ4540 22 Inch Full HD 1080p IPS LED TV,$139.99$139.99,4.5 out of 5 stars
Hisense 40-Inch 40H5500F Class H55 Series Android Smart TV with Voice Remote (2020 Model),$229.99$229.99,4.3 out of 5 stars
"SuperSonic SC-1511H LED Widescreen HDTV 15"" Flat Screen with USB Compatibility, SD Card Reader, HDMI & AC/DC Input: Built-in Digital Noise Reduction with Bonus HDMI Cable Included",$119.00$119.00,3.9 out of 5 stars
"Sony 32-inch 720p Smart LED TV (KDL32W600D, 2016 Model)",$298.00$298.00,4.3 out of 5 stars
"Philips Accessories Tilting Wall Mount Bracket for 30-80 Inch LCD LED HDTV Flat Screen with VESA 400x400, Holds up to 100 Lbs, Lockable Safety Bar, Easy Installation, Hardware Included, SQM7442/27",$24.99$24.99,4.3 out of 5 stars
"SuperSonic SC-1912 LED Widescreen HDTV 19"", Built-in DVD Player with HDMI, USB, SD & AC/DC Input: DVD/CD/CDR High Resolution and Digital Noise Reduction",$140.99$140.99,4.1 out of 5 stars
"TCL 75-inch 6-Series 4K UHD Dolby Vision HDR QLED Roku Smart TV - 75R635, 2021 Model", ,4.5 out of 5 stars
"Hisense 55-Inch Class H8 Quantum Series Android 4K ULED Smart TV with Voice Remote (55H8G, 2020 Model)", ,4.4 out of 5 stars
"SAMSUNG QN32Q50RAFXZA Flat 32"" QLED 4K 32Q50 Series Smart TV (2019 model)",$497.99$497.99,4.7 out of 5 stars
All-New Insignia NS-24DF310NA21 24-inch Smart HD 720p TV - Fire TV Edition,$99.99$99.99,4.6 out of 5 stars
Insignia NS-32DF310NA19 32-inch Smart HD TV - Fire TV Edition,$119.99$119.99,4.7 out of 5 stars
Fire TV Stick Lite with Alexa Voice Remote Lite (no TV controls) | HD streaming device | 2020 release, ,4.7 out of 5 stars
"TCL 50-inch Class 4-Series 4K UHD Smart Roku LED TV - 50S435, 2021 Model", ,4.6 out of 5 stars
"TCL 32-inch 3-Series 720p Roku Smart TV - 32S335, 2021 Model",$148.00$148.00,4.6 out of 5 stars
"VIZIO 40-Inch V-Series 4K UHD LED HDR Smart TV with Apple AirPlay and Chromecast Built-in, Dolby Vision, HDR10+, HDMI 2.1, Auto Game Mode and Low Latency Gaming (V405-H19)",$219.88$219.88,4.3 out of 5 stars
SAMSUNG 40 inches LED Smart FHD TV 1080P (2019 Model), ,4.4 out of 5 stars
All-New Insignia NS-39DF310NA21 39-inch Smart HD 720p TV - Fire TV Edition,$169.99$169.99,4.6 out of 5 stars
"Samsung Electronics UN32N5300AFXZA 32"" 1080p Smart LED TV (2018), Black",$237.99$237.99,4.6 out of 5 stars
LG Electronics 24LM530S-PU 24-Inch HD webOS 3.5 Smart TV,$146.99$146.99,4.5 out of 5 stars
"TCL 65-inch 5-Series 4K UHD Dolby Vision HDR QLED Roku Smart TV - 65S535, 2021 Model", ,4.6 out of 5 stars
"VIZIO 24-Inch D-Series LED HDTV  with Apple AirPlay and Chromecast Built in Screen Mirroring for Second Screens, & 150+ Free Streaming Channels (D24h-G9)",$118.00$118.00,4.4 out of 5 stars
"All-New Toshiba 32LF221U21 32-inch Smart HD 720p TV - Fire TV Edition, Released 2020",$139.99$139.99,4.7 out of 5 stars
LG 22LJ4540 22 Inch Full HD 1080p IPS LED TV,$139.99$139.99,4.5 out of 5 stars
Hisense 40-Inch 40H5500F Class H55 Series Android Smart TV with Voice Remote (2020 Model),$229.99$229.99,4.3 out of 5 stars
"SuperSonic SC-1511H LED Widescreen HDTV 15"" Flat Screen with USB Compatibility, SD Card Reader, HDMI & AC/DC Input: Built-in Digital Noise Reduction with Bonus HDMI Cable Included",$119.00$119.00,3.9 out of 5 stars
"Sony 32-inch 720p Smart LED TV (KDL32W600D, 2016 Model)",$298.00$298.00,4.3 out of 5 stars
"Philips Accessories Tilting Wall Mount Bracket for 30-80 Inch LCD LED HDTV Flat Screen with VESA 400x400, Holds up to 100 Lbs, Lockable Safety Bar, Easy Installation, Hardware Included, SQM7442/27",$24.99$24.99,4.3 out of 5 stars
"SuperSonic SC-1912 LED Widescreen HDTV 19"", Built-in DVD Player with HDMI, USB, SD & AC/DC Input: DVD/CD/CDR High Resolution and Digital Noise Reduction",$140.99$140.99,4.1 out of 5 stars
"TCL 75-inch 6-Series 4K UHD Dolby Vision HDR QLED Roku Smart TV - 75R635, 2021 Model", ,4.5 out of 5 stars
"Hisense 55-Inch Class H8 Quantum Series Android 4K ULED Smart TV with Voice Remote (55H8G, 2020 Model)", ,4.4 out of 5 stars
"SAMSUNG QN32Q50RAFXZA Flat 32"" QLED 4K 32Q50 Series Smart TV (2019 model)",$497.99$497.99,4.7 out of 5 stars
All-New Insignia NS-24DF310NA21 24-inch Smart HD 720p TV - Fire TV Edition,$99.99$99.99,4.6 out of 5 stars
Insignia NS-32DF310NA19 32-inch Smart HD TV - Fire TV Edition,$119.99$119.99,4.7 out of 5 stars
Fire TV Stick Lite with Alexa Voice Remote Lite (no TV controls) | HD streaming device | 2020 release, ,4.7 out of 5 stars
"TCL 50-inch Class 4-Series 4K UHD Smart Roku LED TV - 50S435, 2021 Model", ,4.6 out of 5 stars
"TCL 32-inch 3-Series 720p Roku Smart TV - 32S335, 2021 Model",$148.00$148.00,4.6 out of 5 stars
"VIZIO 40-Inch V-Series 4K UHD LED HDR Smart TV with Apple AirPlay and Chromecast Built-in, Dolby Vision, HDR10+, HDMI 2.1, Auto Game Mode and Low Latency Gaming (V405-H19)",$219.88$219.88,4.3 out of 5 stars
SAMSUNG 40 inches LED Smart FHD TV 1080P (2019 Model), ,4.4 out of 5 stars
All-New Insignia NS-39DF310NA21 39-inch Smart HD 720p TV - Fire TV Edition,$169.99$169.99,4.6 out of 5 stars
"Samsung Electronics UN32N5300AFXZA 32"" 1080p Smart LED TV (2018), Black",$237.99$237.99,4.6 out of 5 stars
LG Electronics 24LM530S-PU 24-Inch HD webOS 3.5 Smart TV,$146.99$146.99,4.5 out of 5 stars
"TCL 65-inch 5-Series 4K UHD Dolby Vision HDR QLED Roku Smart TV - 65S535, 2021 Model", ,4.6 out of 5 stars
"VIZIO 24-Inch D-Series LED HDTV  with Apple AirPlay and Chromecast Built in Screen Mirroring for Second Screens, & 150+ Free Streaming Channels (D24h-G9)",$118.00$118.00,4.4 out of 5 stars
"All-New Toshiba 32LF221U21 32-inch Smart HD 720p TV - Fire TV Edition, Released 2020",$139.99$139.99,4.7 out of 5 stars
LG 22LJ4540 22 Inch Full HD 1080p IPS LED TV,$139.99$139.99,4.5 out of 5 stars
Hisense 40-Inch 40H5500F Class H55 Series Android Smart TV with Voice Remote (2020 Model),$229.99$229.99,4.3 out of 5 stars
"SuperSonic SC-1511H LED Widescreen HDTV 15"" Flat Screen with USB Compatibility, SD Card Reader, HDMI & AC/DC Input: Built-in Digital Noise Reduction with Bonus HDMI Cable Included",$119.00$119.00,3.9 out of 5 stars
"Sony 32-inch 720p Smart LED TV (KDL32W600D, 2016 Model)",$298.00$298.00,4.3 out of 5 stars
"Philips Accessories Tilting Wall Mount Bracket for 30-80 Inch LCD LED HDTV Flat Screen with VESA 400x400, Holds up to 100 Lbs, Lockable Safety Bar, Easy Installation, Hardware Included, SQM7442/27",$24.99$24.99,4.3 out of 5 stars
"SuperSonic SC-1912 LED Widescreen HDTV 19"", Built-in DVD Player with HDMI, USB, SD & AC/DC Input: DVD/CD/CDR High Resolution and Digital Noise Reduction",$140.99$140.99,4.1 out of 5 stars
"TCL 75-inch 6-Series 4K UHD Dolby Vision HDR QLED Roku Smart TV - 75R635, 2021 Model", ,4.5 out of 5 stars
"Hisense 55-Inch Class H8 Quantum Series Android 4K ULED Smart TV with Voice Remote (55H8G, 2020 Model)", ,4.4 out of 5 stars
"SAMSUNG QN32Q50RAFXZA Flat 32"" QLED 4K 32Q50 Series Smart TV (2019 model)",$497.99$497.99,4.7 out of 5 stars
All-New Insignia NS-24DF310NA21 24-inch Smart HD 720p TV - Fire TV Edition,$99.99$99.99,4.6 out of 5 stars
Insignia NS-32DF310NA19 32-inch Smart HD TV - Fire TV Edition,$119.99$119.99,4.7 out of 5 stars
Fire TV Stick Lite with Alexa Voice Remote Lite (no TV controls) | HD streaming device | 2020 release, ,4.7 out of 5 stars
"TCL 50-inch Class 4-Series 4K UHD Smart Roku LED TV - 50S435, 2021 Model", ,4.6 out of 5 stars
"TCL 32-inch 3-Series 720p Roku Smart TV - 32S335, 2021 Model",$148.00$148.00,4.6 out of 5 stars
"VIZIO 40-Inch V-Series 4K UHD LED HDR Smart TV with Apple AirPlay and Chromecast Built-in, Dolby Vision, HDR10+, HDMI 2.1, Auto Game Mode and Low Latency Gaming (V405-H19)",$219.88$219.88,4.3 out of 5 stars
SAMSUNG 40 inches LED Smart FHD TV 1080P (2019 Model), ,4.4 out of 5 stars
All-New Insignia NS-39DF310NA21 39-inch Smart HD 720p TV - Fire TV Edition,$169.99$169.99,4.6 out of 5 stars
"Samsung Electronics UN32N5300AFXZA 32"" 1080p Smart LED TV (2018), Black",$237.99$237.99,4.6 out of 5 stars
LG Electronics 24LM530S-PU 24-Inch HD webOS 3.5 Smart TV,$146.99$146.99,4.5 out of 5 stars
"TCL 65-inch 5-Series 4K UHD Dolby Vision HDR QLED Roku Smart TV - 65S535, 2021 Model", ,4.6 out of 5 stars
"VIZIO 24-Inch D-Series LED HDTV  with Apple AirPlay and Chromecast Built in Screen Mirroring for Second Screens, & 150+ Free Streaming Channels (D24h-G9)",$118.00$118.00,4.4 out of 5 stars
"All-New Toshiba 32LF221U21 32-inch Smart HD 720p TV - Fire TV Edition, Released 2020",$139.99$139.99,4.7 out of 5 stars
LG 22LJ4540 22 Inch Full HD 1080p IPS LED TV,$139.99$139.99,4.5 out of 5 stars
Hisense 40-Inch 40H5500F Class H55 Series Android Smart TV with Voice Remote (2020 Model),$229.99$229.99,4.3 out of 5 stars
"SuperSonic SC-1511H LED Widescreen HDTV 15"" Flat Screen with USB Compatibility, SD Card Reader, HDMI & AC/DC Input: Built-in Digital Noise Reduction with Bonus HDMI Cable Included",$119.00$119.00,3.9 out of 5 stars
"Sony 32-inch 720p Smart LED TV (KDL32W600D, 2016 Model)",$298.00$298.00,4.3 out of 5 stars
"Philips Accessories Tilting Wall Mount Bracket for 30-80 Inch LCD LED HDTV Flat Screen with VESA 400x400, Holds up to 100 Lbs, Lockable Safety Bar, Easy Installation, Hardware Included, SQM7442/27",$24.99$24.99,4.3 out of 5 stars
"SuperSonic SC-1912 LED Widescreen HDTV 19"", Built-in DVD Player with HDMI, USB, SD & AC/DC Input: DVD/CD/CDR High Resolution and Digital Noise Reduction",$140.99$140.99,4.1 out of 5 stars
"TCL 75-inch 6-Series 4K UHD Dolby Vision HDR QLED Roku Smart TV - 75R635, 2021 Model", ,4.5 out of 5 stars
"Hisense 55-Inch Class H8 Quantum Series Android 4K ULED Smart TV with Voice Remote (55H8G, 2020 Model)", ,4.4 out of 5 stars
"SAMSUNG QN32Q50RAFXZA Flat 32"" QLED 4K 32Q50 Series Smart TV (2019 model)",$497.99$497.99,4.7 out of 5 stars
All-New Insignia NS-24DF310NA21 24-inch Smart HD 720p TV - Fire TV Edition,$99.99$99.99,4.6 out of 5 stars
Insignia NS-32DF310NA19 32-inch Smart HD TV - Fire TV Edition,$119.99$119.99,4.7 out of 5 stars
Fire TV Stick Lite with Alexa Voice Remote Lite (no TV controls) | HD streaming device | 2020 release, ,4.7 out of 5 stars
"TCL 50-inch Class 4-Series 4K UHD Smart Roku LED TV - 50S435, 2021 Model", ,4.6 out of 5 stars
"TCL 32-inch 3-Series 720p Roku Smart TV - 32S335, 2021 Model",$148.00$148.00,4.6 out of 5 stars
"VIZIO 40-Inch V-Series 4K UHD LED HDR Smart TV with Apple AirPlay and Chromecast Built-in, Dolby Vision, HDR10+, HDMI 2.1, Auto Game Mode and Low Latency Gaming (V405-H19)",$219.88$219.88,4.3 out of 5 stars
SAMSUNG 40 inches LED Smart FHD TV 1080P (2019 Model), ,4.4 out of 5 stars
All-New Insignia NS-39DF310NA21 39-inch Smart HD 720p TV - Fire TV Edition,$169.99$169.99,4.6 out of 5 stars
"Samsung Electronics UN32N5300AFXZA 32"" 1080p Smart LED TV (2018), Black",$237.99$237.99,4.6 out of 5 stars
LG Electronics 24LM530S-PU 24-Inch HD webOS 3.5 Smart TV,$146.99$146.99,4.5 out of 5 stars
"TCL 65-inch 5-Series 4K UHD Dolby Vision HDR QLED Roku Smart TV - 65S535, 2021 Model", ,4.6 out of 5 stars
"VIZIO 24-Inch D-Series LED HDTV  with Apple AirPlay and Chromecast Built in Screen Mirroring for Second Screens, & 150+ Free Streaming Channels (D24h-G9)",$118.00$118.00,4.4 out of 5 stars
"All-New Toshiba 32LF221U21 32-inch Smart HD 720p TV - Fire TV Edition, Released 2020",$139.99$139.99,4.7 out of 5 stars
LG 22LJ4540 22 Inch Full HD 1080p IPS LED TV,$139.99$139.99,4.5 out of 5 stars
Hisense 40-Inch 40H5500F Class H55 Series Android Smart TV with Voice Remote (2020 Model),$229.99$229.99,4.3 out of 5 stars
"SuperSonic SC-1511H LED Widescreen HDTV 15"" Flat Screen with USB Compatibility, SD Card Reader, HDMI & AC/DC Input: Built-in Digital Noise Reduction with Bonus HDMI Cable Included",$119.00$119.00,3.9 out of 5 stars
"Sony 32-inch 720p Smart LED TV (KDL32W600D, 2016 Model)",$298.00$298.00,4.3 out of 5 stars
"Philips Accessories Tilting Wall Mount Bracket for 30-80 Inch LCD LED HDTV Flat Screen with VESA 400x400, Holds up to 100 Lbs, Lockable Safety Bar, Easy Installation, Hardware Included, SQM7442/27",$24.99$24.99,4.3 out of 5 stars
"SuperSonic SC-1912 LED Widescreen HDTV 19"", Built-in DVD Player with HDMI, USB, SD & AC/DC Input: DVD/CD/CDR High Resolution and Digital Noise Reduction",$140.99$140.99,4.1 out of 5 stars
"TCL 75-inch 6-Series 4K UHD Dolby Vision HDR QLED Roku Smart TV - 75R635, 2021 Model", ,4.5 out of 5 stars
"Hisense 55-Inch Class H8 Quantum Series Android 4K ULED Smart TV with Voice Remote (55H8G, 2020 Model)", ,4.4 out of 5 stars
"SAMSUNG QN32Q50RAFXZA Flat 32"" QLED 4K 32Q50 Series Smart TV (2019 model)",$497.99$497.99,4.7 out of 5 stars
All-New Insignia NS-24DF310NA21 24-inch Smart HD 720p TV - Fire TV Edition,$99.99$99.99,4.6 out of 5 stars
Insignia NS-32DF310NA19 32-inch Smart HD TV - Fire TV Edition,$119.99$119.99,4.7 out of 5 stars
Fire TV Stick Lite with Alexa Voice Remote Lite (no TV controls) | HD streaming device | 2020 release, ,4.7 out of 5 stars
"TCL 50-inch Class 4-Series 4K UHD Smart Roku LED TV - 50S435, 2021 Model", ,4.6 out of 5 stars
"TCL 32-inch 3-Series 720p Roku Smart TV - 32S335, 2021 Model",$148.00$148.00,4.6 out of 5 stars
"VIZIO 40-Inch V-Series 4K UHD LED HDR Smart TV with Apple AirPlay and Chromecast Built-in, Dolby Vision, HDR10+, HDMI 2.1, Auto Game Mode and Low Latency Gaming (V405-H19)",$219.88$219.88,4.3 out of 5 stars
SAMSUNG 40 inches LED Smart FHD TV 1080P (2019 Model), ,4.4 out of 5 stars
All-New Insignia NS-39DF310NA21 39-inch Smart HD 720p TV - Fire TV Edition,$169.99$169.99,4.6 out of 5 stars
"Samsung Electronics UN32N5300AFXZA 32"" 1080p Smart LED TV (2018), Black",$237.99$237.99,4.6 out of 5 stars
LG Electronics 24LM530S-PU 24-Inch HD webOS 3.5 Smart TV,$146.99$146.99,4.5 out of 5 stars
"TCL 65-inch 5-Series 4K UHD Dolby Vision HDR QLED Roku Smart TV - 65S535, 2021 Model", ,4.6 out of 5 stars
"VIZIO 24-Inch D-Series LED HDTV  with Apple AirPlay and Chromecast Built in Screen Mirroring for Second Screens, & 150+ Free Streaming Channels (D24h-G9)",$118.00$118.00,4.4 out of 5 stars
"All-New Toshiba 32LF221U21 32-inch Smart HD 720p TV - Fire TV Edition, Released 2020",$139.99$139.99,4.7 out of 5 stars
LG 22LJ4540 22 Inch Full HD 1080p IPS LED TV,$139.99$139.99,4.5 out of 5 stars
Hisense 40-Inch 40H5500F Class H55 Series Android Smart TV with Voice Remote (2020 Model),$229.99$229.99,4.3 out of 5 stars
"SuperSonic SC-1511H LED Widescreen HDTV 15"" Flat Screen with USB Compatibility, SD Card Reader, HDMI & AC/DC Input: Built-in Digital Noise Reduction with Bonus HDMI Cable Included",$119.00$119.00,3.9 out of 5 stars
"Sony 32-inch 720p Smart LED TV (KDL32W600D, 2016 Model)",$298.00$298.00,4.3 out of 5 stars
"Philips Accessories Tilting Wall Mount Bracket for 30-80 Inch LCD LED HDTV Flat Screen with VESA 400x400, Holds up to 100 Lbs, Lockable Safety Bar, Easy Installation, Hardware Included, SQM7442/27",$24.99$24.99,4.3 out of 5 stars
"SuperSonic SC-1912 LED Widescreen HDTV 19"", Built-in DVD Player with HDMI, USB, SD & AC/DC Input: DVD/CD/CDR High Resolution and Digital Noise Reduction",$140.99$140.99,4.1 out of 5 stars
"TCL 75-inch 6-Series 4K UHD Dolby Vision HDR QLED Roku Smart TV - 75R635, 2021 Model", ,4.5 out of 5 stars
"Hisense 55-Inch Class H8 Quantum Series Android 4K ULED Smart TV with Voice Remote (55H8G, 2020 Model)", ,4.4 out of 5 stars
"SAMSUNG QN32Q50RAFXZA Flat 32"" QLED 4K 32Q50 Series Smart TV (2019 model)",$497.99$497.99,4.7 out of 5 stars
All-New Insignia NS-24DF310NA21 24-inch Smart HD 720p TV - Fire TV Edition,$99.99$99.99,4.6 out of 5 stars
Insignia NS-32DF310NA19 32-inch Smart HD TV - Fire TV Edition,$119.99$119.99,4.7 out of 5 stars
Fire TV Stick Lite with Alexa Voice Remote Lite (no TV controls) | HD streaming device | 2020 release, ,4.7 out of 5 stars
"TCL 50-inch Class 4-Series 4K UHD Smart Roku LED TV - 50S435, 2021 Model", ,4.6 out of 5 stars
"TCL 32-inch 3-Series 720p Roku Smart TV - 32S335, 2021 Model",$148.00$148.00,4.6 out of 5 stars
"VIZIO 40-Inch V-Series 4K UHD LED HDR Smart TV with Apple AirPlay and Chromecast Built-in, Dolby Vision, HDR10+, HDMI 2.1, Auto Game Mode and Low Latency Gaming (V405-H19)",$219.88$219.88,4.3 out of 5 stars
SAMSUNG 40 inches LED Smart FHD TV 1080P (2019 Model), ,4.4 out of 5 stars
All-New Insignia NS-39DF310NA21 39-inch Smart HD 720p TV - Fire TV Edition,$169.99$169.99,4.6 out of 5 stars
"Samsung Electronics UN32N5300AFXZA 32"" 1080p Smart LED TV (2018), Black",$237.99$237.99,4.6 out of 5 stars
LG Electronics 24LM530S-PU 24-Inch HD webOS 3.5 Smart TV,$146.99$146.99,4.5 out of 5 stars
"TCL 65-inch 5-Series 4K UHD Dolby Vision HDR QLED Roku Smart TV - 65S535, 2021 Model", ,4.6 out of 5 stars
"VIZIO 24-Inch D-Series LED HDTV  with Apple AirPlay and Chromecast Built in Screen Mirroring for Second Screens, & 150+ Free Streaming Channels (D24h-G9)",$118.00$118.00,4.4 out of 5 stars
"All-New Toshiba 32LF221U21 32-inch Smart HD 720p TV - Fire TV Edition, Released 2020",$139.99$139.99,4.7 out of 5 stars
LG 22LJ4540 22 Inch Full HD 1080p IPS LED TV,$139.99$139.99,4.5 out of 5 stars
Hisense 40-Inch 40H5500F Class H55 Series Android Smart TV with Voice Remote (2020 Model),$229.99$229.99,4.3 out of 5 stars
"SuperSonic SC-1511H LED Widescreen HDTV 15"" Flat Screen with USB Compatibility, SD Card Reader, HDMI & AC/DC Input: Built-in Digital Noise Reduction with Bonus HDMI Cable Included",$119.00$119.00,3.9 out of 5 stars
"Sony 32-inch 720p Smart LED TV (KDL32W600D, 2016 Model)",$298.00$298.00,4.3 out of 5 stars
"Philips Accessories Tilting Wall Mount Bracket for 30-80 Inch LCD LED HDTV Flat Screen with VESA 400x400, Holds up to 100 Lbs, Lockable Safety Bar, Easy Installation, Hardware Included, SQM7442/27",$24.99$24.99,4.3 out of 5 stars
"SuperSonic SC-1912 LED Widescreen HDTV 19"", Built-in DVD Player with HDMI, USB, SD & AC/DC Input: DVD/CD/CDR High Resolution and Digital Noise Reduction",$140.99$140.99,4.1 out of 5 stars
"TCL 75-inch 6-Series 4K UHD Dolby Vision HDR QLED Roku Smart TV - 75R635, 2021 Model", ,4.5 out of 5 stars
"Hisense 55-Inch Class H8 Quantum Series Android 4K ULED Smart TV with Voice Remote (55H8G, 2020 Model)", ,4.4 out of 5 stars
"SAMSUNG QN32Q50RAFXZA Flat 32"" QLED 4K 32Q50 Series Smart TV (2019 model)",$497.99$497.99,4.7 out of 5 stars
All-New Insignia NS-24DF310NA21 24-inch Smart HD 720p TV - Fire TV Edition,$99.99$99.99,4.6 out of 5 stars
Insignia NS-32DF310NA19 32-inch Smart HD TV - Fire TV Edition,$119.99$119.99,4.7 out of 5 stars
Fire TV Stick Lite with Alexa Voice Remote Lite (no TV controls) | HD streaming device | 2020 release, ,4.7 out of 5 stars
"TCL 50-inch Class 4-Series 4K UHD Smart Roku LED TV - 50S435, 2021 Model", ,4.6 out of 5 stars
"TCL 32-inch 3-Series 720p Roku Smart TV - 32S335, 2021 Model",$148.00$148.00,4.6 out of 5 stars
"VIZIO 40-Inch V-Series 4K UHD LED HDR Smart TV with Apple AirPlay and Chromecast Built-in, Dolby Vision, HDR10+, HDMI 2.1, Auto Game Mode and Low Latency Gaming (V405-H19)",$219.88$219.88,4.3 out of 5 stars
SAMSUNG 40 inches LED Smart FHD TV 1080P (2019 Model), ,4.4 out of 5 stars
All-New Insignia NS-39DF310NA21 39-inch Smart HD 720p TV - Fire TV Edition,$169.99$169.99,4.6 out of 5 stars
"Samsung Electronics UN32N5300AFXZA 32"" 1080p Smart LED TV (2018), Black",$237.99$237.99,4.6 out of 5 stars
LG Electronics 24LM530S-PU 24-Inch HD webOS 3.5 Smart TV,$146.99$146.99,4.5 out of 5 stars
"TCL 65-inch 5-Series 4K UHD Dolby Vision HDR QLED Roku Smart TV - 65S535, 2021 Model", ,4.6 out of 5 stars
"VIZIO 24-Inch D-Series LED HDTV  with Apple AirPlay and Chromecast Built in Screen Mirroring for Second Screens, & 150+ Free Streaming Channels (D24h-G9)",$118.00$118.00,4.4 out of 5 stars
"All-New Toshiba 32LF221U21 32-inch Smart HD 720p TV - Fire TV Edition, Released 2020",$139.99$139.99,4.7 out of 5 stars
LG 22LJ4540 22 Inch Full HD 1080p IPS LED TV,$139.99$139.99,4.5 out of 5 stars
Hisense 40-Inch 40H5500F Class H55 Series Android Smart TV with Voice Remote (2020 Model),$229.99$229.99,4.3 out of 5 stars
"SuperSonic SC-1511H LED Widescreen HDTV 15"" Flat Screen with USB Compatibility, SD Card Reader, HDMI & AC/DC Input: Built-in Digital Noise Reduction with Bonus HDMI Cable Included",$119.00$119.00,3.9 out of 5 stars
"Sony 32-inch 720p Smart LED TV (KDL32W600D, 2016 Model)",$298.00$298.00,4.3 out of 5 stars
"Philips Accessories Tilting Wall Mount Bracket for 30-80 Inch LCD LED HDTV Flat Screen with VESA 400x400, Holds up to 100 Lbs, Lockable Safety Bar, Easy Installation, Hardware Included, SQM7442/27",$24.99$24.99,4.3 out of 5 stars
"SuperSonic SC-1912 LED Widescreen HDTV 19"", Built-in DVD Player with HDMI, USB, SD & AC/DC Input: DVD/CD/CDR High Resolution and Digital Noise Reduction",$140.99$140.99,4.1 out of 5 stars
"TCL 75-inch 6-Series 4K UHD Dolby Vision HDR QLED Roku Smart TV - 75R635, 2021 Model", ,4.5 out of 5 stars
"Hisense 55-Inch Class H8 Quantum Series Android 4K ULED Smart TV with Voice Remote (55H8G, 2020 Model)", ,4.4 out of 5 stars
"SAMSUNG QN32Q50RAFXZA Flat 32"" QLED 4K 32Q50 Series Smart TV (2019 model)",$497.99$497.99,4.7 out of 5 stars
All-New Insignia NS-24DF310NA21 24-inch Smart HD 720p TV - Fire TV Edition,$99.99$99.99,4.6 out of 5 stars
